boundary,classification,from,to,head_dx,head_dy,torso_dx,torso_dy,shoulder_delta,waist_delta,baseline_delta,height_delta,lower_band_difference,pass
Left_front_to_turn1,turning,Frames/LeftTurn/turn_0.png,Frames/LeftTurn/turn_1.png,-0.01,1.24,0.49,4.0,0,1,4,2,0.041418,True
Left_turn1_to_turn2,turning,Frames/LeftTurn/turn_1.png,Frames/LeftTurn/turn_2.png,-5.05,-0.83,-2.36,2.6,10,3,10,12,0.088412,True
Left_turn2_to_walk0,turning,Frames/LeftTurn/turn_2.png,Frames/LeftWalk/walk_00.png,-3.0,2.86,0.53,-4.55,3,9,2,4,0.130916,True
Left_walk00_to_01,walking,Frames/LeftWalk/walk_00.png,Frames/LeftWalk/walk_01.png,0.76,-0.1,0.51,-1.03,2,1,0,0,0.042827,True
Left_walk01_to_02,walking,Frames/LeftWalk/walk_01.png,Frames/LeftWalk/walk_02.png,3.87,-0.84,0.61,3.26,5,5,5,7,0.092098,True
Left_walk02_to_03,walking,Frames/LeftWalk/walk_02.png,Frames/LeftWalk/walk_03.png,5.46,0.92,6.79,6.73,2,6,0,1,0.083301,True
Left_walk03_to_04,walking,Frames/LeftWalk/walk_03.png,Frames/LeftWalk/walk_04.png,-3.6,-1.36,-13.8,-4.95,1,5,11,11,0.069917,True
Left_walk04_to_05,walking,Frames/LeftWalk/walk_04.png,Frames/LeftWalk/walk_05.png,-4.92,0.95,10.98,4.7,0,2,8,8,0.088383,True
Left_walk05_to_00,walking,Frames/LeftWalk/walk_05.png,Frames/LeftWalk/walk_00.png,-1.57,0.43,-5.09,-8.71,4,9,2,3,0.066349,True
Right_front_to_turn1,turning,Frames/RightTurn/turn_0.png,Frames/RightTurn/turn_1.png,2.07,-3.66,-1.34,-0.48,7,6,1,5,0.060669,True
Right_turn1_to_turn2,turning,Frames/RightTurn/turn_1.png,Frames/RightTurn/turn_2.png,3.39,2.17,1.25,6.48,10,0,6,12,0.094493,True
Right_turn2_to_walk0,turning,Frames/RightTurn/turn_2.png,Frames/RightWalk/walk_00.png,5.9,4.76,2.43,-3.95,10,1,3,7,0.130406,True
Right_walk00_to_01,walking,Frames/RightWalk/walk_00.png,Frames/RightWalk/walk_01.png,-0.76,-0.1,-0.51,-1.03,2,1,0,0,0.042827,True
Right_walk01_to_02,walking,Frames/RightWalk/walk_01.png,Frames/RightWalk/walk_02.png,-3.87,-0.84,-0.61,3.26,5,5,5,7,0.092098,True
Right_walk02_to_03,walking,Frames/RightWalk/walk_02.png,Frames/RightWalk/walk_03.png,-5.46,0.92,-6.79,6.73,2,6,0,1,0.083301,True
Right_walk03_to_04,walking,Frames/RightWalk/walk_03.png,Frames/RightWalk/walk_04.png,3.6,-1.36,13.8,-4.95,1,5,11,11,0.069917,True
Right_walk04_to_05,walking,Frames/RightWalk/walk_04.png,Frames/RightWalk/walk_05.png,4.92,0.95,-10.98,4.7,0,2,8,8,0.088383,True
Right_walk05_to_00,walking,Frames/RightWalk/walk_05.png,Frames/RightWalk/walk_00.png,1.57,0.43,5.09,-8.71,4,9,2,3,0.066349,True
front_handoff_left_to_right,stationary,Frames/LeftTurn/turn_0.png,Frames/RightTurn/turn_0.png,0.0,0.0,0.0,0.0,0,0,0,0,0.0,True
front_to_clap00,stationary,Frames/LeftTurn/turn_0.png,Frames/Clap/clap_00.png,-0.39,2.55,1.96,2.03,3,0,2,2,0.014434,True
clap_step_00_0_to_1,stationary,Frames/Clap/clap_00.png,Frames/Clap/clap_01.png,2.15,-0.26,0.49,-3.79,2,2,0,0,0.010575,True
clap_step_01_1_to_2,stationary,Frames/Clap/clap_01.png,Frames/Clap/clap_02.png,-1.82,-0.13,-1.28,-0.06,1,2,0,0,0.006918,True
clap_step_02_2_to_3,stationary,Frames/Clap/clap_02.png,Frames/Clap/clap_03.png,-0.88,1.35,0.04,2.81,2,8,0,0,0.018677,True
clap_step_03_3_to_4,stationary,Frames/Clap/clap_03.png,Frames/Clap/clap_04.png,2.32,0.81,1.91,-2.24,1,1,0,0,0.012331,True
clap_step_04_4_to_3,stationary,Frames/Clap/clap_04.png,Frames/Clap/clap_03.png,-2.32,-0.81,-1.91,2.24,1,1,0,0,0.012331,True
clap_step_05_3_to_2,stationary,Frames/Clap/clap_03.png,Frames/Clap/clap_02.png,0.88,-1.35,-0.04,-2.81,2,8,0,0,0.018677,True
clap_step_06_2_to_1,stationary,Frames/Clap/clap_02.png,Frames/Clap/clap_01.png,1.82,0.13,1.28,0.06,1,2,0,0,0.006918,True
clap_step_07_1_to_2,stationary,Frames/Clap/clap_01.png,Frames/Clap/clap_02.png,-1.82,-0.13,-1.28,-0.06,1,2,0,0,0.006918,True
clap_step_08_2_to_3,stationary,Frames/Clap/clap_02.png,Frames/Clap/clap_03.png,-0.88,1.35,0.04,2.81,2,8,0,0,0.018677,True
clap_step_09_3_to_4,stationary,Frames/Clap/clap_03.png,Frames/Clap/clap_04.png,2.32,0.81,1.91,-2.24,1,1,0,0,0.012331,True
clap_step_10_4_to_3,stationary,Frames/Clap/clap_04.png,Frames/Clap/clap_03.png,-2.32,-0.81,-1.91,2.24,1,1,0,0,0.012331,True
clap_step_11_3_to_2,stationary,Frames/Clap/clap_03.png,Frames/Clap/clap_02.png,0.88,-1.35,-0.04,-2.81,2,8,0,0,0.018677,True
clap_step_12_2_to_1,stationary,Frames/Clap/clap_02.png,Frames/Clap/clap_01.png,1.82,0.13,1.28,0.06,1,2,0,0,0.006918,True
clap_step_13_1_to_0,stationary,Frames/Clap/clap_01.png,Frames/Clap/clap_00.png,-2.15,0.26,-0.49,3.79,2,2,0,0,0.010575,True
clap_final_to_front,stationary,Frames/Clap/clap_00.png,Frames/LeftTurn/turn_0.png,0.39,-2.55,-1.96,-2.03,3,0,2,2,0.014434,True
front_to_cross00,stationary,Frames/LeftTurn/turn_0.png,Frames/CrossArm/cross_00.png,-1.71,3.07,0.56,2.23,9,5,2,2,0.02053,True
cross00_to_cross01,stationary,Frames/CrossArm/cross_00.png,Frames/CrossArm/cross_01.png,0.43,-0.04,0.78,1.5,0,0,0,0,0.019192,True
cross01_to_cross02,stationary,Frames/CrossArm/cross_01.png,Frames/CrossArm/cross_02.png,1.68,-0.13,0.08,-0.76,1,1,2,2,0.029593,True
cross02_to_release00,stationary,Frames/CrossArm/cross_02.png,Frames/CrossArmRelease/release_00.png,0.2,-0.25,-1.13,0.61,3,5,0,1,0.0,True
release00_to_01,stationary,Frames/CrossArmRelease/release_00.png,Frames/CrossArmRelease/release_01.png,1.94,1.93,1.55,-2.8,4,2,0,3,0.0,True
release01_to_02,stationary,Frames/CrossArmRelease/release_01.png,Frames/CrossArmRelease/release_02.png,-0.07,0.21,-1.76,-0.38,0,9,0,0,0.0,True
release02_to_03,stationary,Frames/CrossArmRelease/release_02.png,Frames/CrossArmRelease/release_03.png,0.75,0.35,2.02,-0.66,1,7,0,0,0.0,True
release03_to_04,stationary,Frames/CrossArmRelease/release_03.png,Frames/CrossArmRelease/release_04.png,-2.4,0.29,-0.46,2.01,2,0,0,1,0.0,True
release04_to_05,stationary,Frames/CrossArmRelease/release_04.png,Frames/CrossArmRelease/release_05.png,-0.34,-2.42,-0.39,-0.3,2,0,0,2,0.0,True
release05_to_front,stationary,Frames/CrossArmRelease/release_05.png,Frames/LeftTurn/turn_0.png,-0.48,-3.01,-1.25,-1.45,6,15,0,1,0.0,True
