path,sha256,width,height,alpha_min,alpha_max,nonblack_pixels,bbox_left,bbox_top,bbox_right,bbox_bottom,bbox_height,head_x,head_y,torso_x,torso_y,shoulder_y,waist_y,baseline_y
Frames/LeftTurn/turn_0.png,37FE1C09099E6EDED2E04744701D92AAFF93129627585C92F53453DBF3C3E62F,512,864,255,255,94940,133,180,375,840,661,253.85,249.44,255.0,493.33,317,530,840
Frames/LeftTurn/turn_1.png,CDB7AEB6B8A0088D3C215D531485DF409A0A2F761AF9C178654D78B4C4EBE987,512,864,255,255,88491,142,182,359,844,663,253.84,250.68,255.49,497.33,317,531,844
Frames/LeftTurn/turn_2.png,5B2E49836E483E7A75B01E17D1466FFAFAD299173CABFEA55CA986F093C9E89A,512,864,255,255,63863,182,184,323,834,651,248.79,249.85,253.13,499.93,307,534,834
Frames/RightTurn/turn_0.png,37FE1C09099E6EDED2E04744701D92AAFF93129627585C92F53453DBF3C3E62F,512,864,255,255,94940,133,180,375,840,661,253.85,249.44,255.0,493.33,317,530,840
Frames/RightTurn/turn_1.png,188D76A038B4AFD94DE02877CCF1A5F38417011070D5550E88253DCB4F867BC6,512,864,255,255,90419,147,176,365,841,666,255.92,245.78,253.66,492.85,310,524,841
Frames/RightTurn/turn_2.png,A3CC385A84DBC75593A74CA53C28CB6F5AEBBC2FA85F6DA47B280578B2F05F49,512,864,255,255,63410,191,182,328,835,654,259.31,247.95,254.91,499.33,300,524,835
Frames/LeftWalk/walk_00.png,211101AFC6A28CCEE3140BE6C88D7EDCD500F25DBC1A4DCA131B812EB0E693D1,512,864,255,255,85064,74,186,393,832,647,245.79,252.71,253.66,495.38,310,525,832
Frames/LeftWalk/walk_01.png,72A8E2E8FFC82F33E9E790D11F4F659362B18D2D730135F18C9B6C97794C4BF9,512,864,255,255,82077,86,186,406,832,647,246.55,252.61,254.17,494.35,312,524,832
Frames/LeftWalk/walk_02.png,2F6F0879B0A9369FAED36C0EE5C301FB9197B4B15EF30D75A10CAA0117F0119B,512,864,255,255,78981,126,184,401,837,654,250.42,251.77,254.78,497.61,307,519,837
Frames/LeftWalk/walk_03.png,41A70A470E22755885DF1E1D718DA988F7125056D0F58B44FB1FBC5A344ACB7B,512,864,255,255,72623,166,185,361,837,653,255.88,252.69,261.57,504.34,305,513,837
Frames/LeftWalk/walk_04.png,B48C619842BA9B5A35F0536FDA23B4DAB97E3DEA3D14D14F952903565528F12D,512,864,255,255,80767,116,185,348,826,642,252.28,251.33,247.77,499.39,306,518,826
Frames/LeftWalk/walk_05.png,4DE552ACAB7A0283331E5B2AED02B06EDA9DF2DA8E8782A2313C0D66763C19BC,512,864,255,255,77432,127,185,356,834,650,247.36,252.28,258.75,504.09,306,516,834
Frames/RightWalk/walk_00.png,8B6CE1DFF4D3BA9DD49F20DEE3F91CD79A45845B22F492D498B76504CDD0682B,512,864,255,255,85064,118,186,437,832,647,265.21,252.71,257.34,495.38,310,525,832
Frames/RightWalk/walk_01.png,00AFEB7B4C55F328E1C616BF3D55AD0EB0A08180BE25449BB9412ED0F14A30AB,512,864,255,255,82077,105,186,425,832,647,264.45,252.61,256.83,494.35,312,524,832
Frames/RightWalk/walk_02.png,8F72A5C721D7C44E2F5F4C5BF7249B8FE0967B67FA2FC4996799F65374D56ECA,512,864,255,255,78981,110,184,385,837,654,260.58,251.77,256.22,497.61,307,519,837
Frames/RightWalk/walk_03.png,CE60A38925F6A39D6177725CADC53227DC717730B5994B99D817BB2E24C6A575,512,864,255,255,72623,150,185,345,837,653,255.12,252.69,249.43,504.34,305,513,837
Frames/RightWalk/walk_04.png,A1D187A9597096E6F82E2AA2DDCAEE7C77CAB53F2DE802AFC5B86570D0E3CF11,512,864,255,255,80767,163,185,395,826,642,258.72,251.33,263.23,499.39,306,518,826
Frames/RightWalk/walk_05.png,19A2D927408B8ABA4202584BDD212A4673DEAB2A9ED2E84069AD1B0D82A302BF,512,864,255,255,77432,155,185,384,834,650,263.64,252.28,252.25,504.09,306,516,834
Frames/Clap/clap_00.png,86CB0E17F5935284136AE600F6510F09C160D2019777F6B76CAB43B5DEDCB6E2,512,864,255,255,95096,137,180,374,842,663,253.46,251.99,256.96,495.36,314,530,842
Frames/Clap/clap_01.png,E1D12BADD2DAC5C2DE6FD254677188132F494391B65E4558149CCC227B6B060F,512,864,255,255,87658,142,180,371,842,663,255.61,251.73,257.45,491.57,312,532,842
Frames/Clap/clap_02.png,7B268950BC1068372A10A0FD2C51C4BA03E35EE0002A6C3014FF147F3D90391E,512,864,255,255,88415,141,180,367,842,663,253.79,251.6,256.17,491.51,311,534,842
Frames/Clap/clap_03.png,7D8259E7546F2F56189AEA24AB805735A250A86E5B8DBA5CEAF507F8B73E03D4,512,864,255,255,84888,149,180,359,842,663,252.91,252.95,256.21,494.32,309,526,842
Frames/Clap/clap_04.png,1B5ABCF95B82CBDA5D6A6608FE41B87D960EFFC731987ECBE9742D0E2492A0F1,512,864,255,255,87459,138,180,376,842,663,255.23,253.76,258.12,492.08,310,525,842
Frames/Clap/clap_05.png,841C13F5A0F395A1E4817275AB36DDCF885A2E7514D5D0C7D06F4E26348AC950,512,864,255,255,93121,139,180,372,842,663,254.46,252.1,256.86,495.27,313,523,842
Frames/CrossArm/cross_00.png,BA92B5FCB55DA70725A98556AD1EED19EE1DFDC91A29417627B6B2E8EB862B42,512,864,255,255,85607,155,180,357,842,663,252.14,252.51,255.56,495.56,308,525,842
Frames/CrossArm/cross_01.png,86DF34686993B0938050C3B7B2A3E1C9ADA28B2529D4993B803DEB0B327EDC7F,512,864,255,255,84444,156,180,353,842,663,252.57,252.47,256.34,497.06,308,525,842
Frames/CrossArm/cross_02.png,3C92A126FF232F5FEA8ED399F9866940E7FA0EA960E2260B1E4FCEEC18F0787C,512,864,255,255,85894,156,180,354,840,661,254.25,252.34,256.42,496.3,307,524,840
Frames/CrossArmRelease/release_00.png,7943D4A7768ABB9273E6E80C6B3C81E5AFEAEF6B884D3AF8B4722630BA295F11,512,864,255,255,85012,157,181,353,840,660,254.45,252.09,255.29,496.91,310,529,840
Frames/CrossArmRelease/release_01.png,96CD5D00DB3AAEA3D09FBB9A6F00C93CB7BB2B34D045AE906E900364CBC02BAF,512,864,255,255,86853,148,184,364,840,657,256.39,254.02,256.84,494.11,314,531,840
Frames/CrossArmRelease/release_02.png,9C13EA2E0147525D00618BC4E339C89F063B8D8BA0D57A96B53EDA6ABFAACC46,512,864,255,255,88657,145,184,365,840,657,256.32,254.23,255.08,493.73,314,522,840
Frames/CrossArmRelease/release_03.png,49159B167CDA81B79AD624418F081C6AC894CFB23957C1D85E5F3935B9BAF254,512,864,255,255,94281,142,184,377,840,657,257.07,254.58,257.1,493.07,315,515,840
Frames/CrossArmRelease/release_04.png,4A00B4AFC6272CD37C07A97912F7C4D1968B9E0E7283B2D9733B0B3B2BE367DA,512,864,255,255,92928,145,183,369,840,658,254.67,254.87,256.64,495.08,313,515,840
Frames/CrossArmRelease/release_05.png,52DECEC6E761E6765D1279FDA0C5C9AE8E5C8C0AB978FE73E9C7508434CDCE58,512,864,255,255,94501,144,181,369,840,660,254.33,252.45,256.25,494.78,311,515,840
