boundary,from,to,bbox_height_delta,bbox_top_delta,bbox_bottom_delta,head_dx,head_dy,torso_dx,torso_dy,foot_dx,foot_dy
Left front_to_turn1,LeftTurn/turn_0.png,LeftTurn/turn_1.png,2,2,4,-0.01,1.24,-0.75,2.51,37.16,4
Left turn1_to_turn2,LeftTurn/turn_1.png,LeftTurn/turn_2.png,-12,2,-10,-5.05,-0.83,-1.33,0.46,-38.75,-10
Left turn2_to_walk0,LeftTurn/turn_2.png,LeftWalk/walk_00.png,-4,2,-2,-3.0,2.86,-0.51,-4.65,31.34,-2
Left walk00_to_01,LeftWalk/walk_00.png,LeftWalk/walk_01.png,0,0,0,0.76,-0.1,0.23,-0.92,-11.32,0
Left walk01_to_02,LeftWalk/walk_01.png,LeftWalk/walk_02.png,7,-2,5,3.87,-0.84,-0.04,2.15,-92.35,5
Left walk02_to_03,LeftWalk/walk_02.png,LeftWalk/walk_03.png,-1,1,0,5.46,0.92,8.98,7.12,15.32,0
Left walk03_to_04,LeftWalk/walk_03.png,LeftWalk/walk_04.png,-11,0,-11,-3.6,-1.36,-15.21,-7.24,102.09,-11
Left walk04_to_05,LeftWalk/walk_04.png,LeftWalk/walk_05.png,8,0,8,-4.92,0.95,13.03,5.83,3.68,8
Left walk05_to_00,LeftWalk/walk_05.png,LeftWalk/walk_00.png,-3,1,-2,-1.57,0.43,-6.99,-6.94,-17.42,-2
Right front_to_turn1,RightTurn/turn_0.png,RightTurn/turn_1.png,5,-4,1,2.07,-3.66,-0.28,-1.79,-38.02,1
Right turn1_to_turn2,RightTurn/turn_1.png,RightTurn/turn_2.png,-12,6,-6,3.39,2.17,0.51,3.8,57.56,-6
Right turn2_to_walk0,RightTurn/turn_2.png,RightWalk/walk_00.png,-7,4,-3,5.9,4.76,3.6,-3.69,-49.63,-3
Right walk00_to_01,RightWalk/walk_00.png,RightWalk/walk_01.png,0,0,0,-0.76,-0.1,-0.23,-0.92,11.32,0
Right walk01_to_02,RightWalk/walk_01.png,RightWalk/walk_02.png,7,-2,5,-3.87,-0.84,0.04,2.15,92.35,5
Right walk02_to_03,RightWalk/walk_02.png,RightWalk/walk_03.png,-1,1,0,-5.46,0.92,-8.98,7.12,-15.32,0
Right walk03_to_04,RightWalk/walk_03.png,RightWalk/walk_04.png,-11,0,-11,3.6,-1.36,15.21,-7.24,-102.09,-11
Right walk04_to_05,RightWalk/walk_04.png,RightWalk/walk_05.png,8,0,8,4.92,0.95,-13.03,5.83,-3.68,8
Right walk05_to_00,RightWalk/walk_05.png,RightWalk/walk_00.png,-3,1,-2,1.57,0.43,6.99,-6.94,17.42,-2
front_handoff_left_to_right,LeftTurn/turn_0.png,RightTurn/turn_0.png,0,0,0,0.0,0.0,0.0,0.0,0.0,0
front_to_clap00,LeftTurn/turn_0.png,Clap/clap_00.png,2,0,2,-0.39,2.55,1.99,1.51,26.0,2
clap_step_00_0_to_1,Clap/clap_00.png,Clap/clap_01.png,0,0,0,2.15,-0.26,0.52,-3.74,5.95,0
clap_step_01_1_to_2,Clap/clap_01.png,Clap/clap_02.png,0,0,0,-1.82,-0.13,-1.25,-0.09,0.77,0
clap_step_02_2_to_3,Clap/clap_02.png,Clap/clap_03.png,0,0,0,-0.88,1.35,0.14,3.02,41.91,0
clap_step_03_3_to_4,Clap/clap_03.png,Clap/clap_04.png,0,0,0,2.32,0.81,1.91,-1.22,-6.73,0
clap_step_04_4_to_3,Clap/clap_04.png,Clap/clap_03.png,0,0,0,-2.32,-0.81,-1.91,1.22,6.73,0
clap_step_05_3_to_2,Clap/clap_03.png,Clap/clap_02.png,0,0,0,0.88,-1.35,-0.14,-3.02,-41.91,0
clap_step_06_2_to_1,Clap/clap_02.png,Clap/clap_01.png,0,0,0,1.82,0.13,1.25,0.09,-0.77,0
clap_step_07_1_to_2,Clap/clap_01.png,Clap/clap_02.png,0,0,0,-1.82,-0.13,-1.25,-0.09,0.77,0
clap_step_08_2_to_3,Clap/clap_02.png,Clap/clap_03.png,0,0,0,-0.88,1.35,0.14,3.02,41.91,0
clap_step_09_3_to_4,Clap/clap_03.png,Clap/clap_04.png,0,0,0,2.32,0.81,1.91,-1.22,-6.73,0
clap_step_10_4_to_3,Clap/clap_04.png,Clap/clap_03.png,0,0,0,-2.32,-0.81,-1.91,1.22,6.73,0
clap_step_11_3_to_2,Clap/clap_03.png,Clap/clap_02.png,0,0,0,0.88,-1.35,-0.14,-3.02,-41.91,0
clap_step_12_2_to_1,Clap/clap_02.png,Clap/clap_01.png,0,0,0,1.82,0.13,1.25,0.09,-0.77,0
clap_step_13_1_to_0,Clap/clap_01.png,Clap/clap_00.png,0,0,0,-2.15,0.26,-0.52,3.74,-5.95,0
clap_final_to_front,Clap/clap_00.png,LeftTurn/turn_0.png,-2,0,-2,0.39,-2.55,-1.99,-1.51,-26.0,-2
front_to_cross00,LeftTurn/turn_0.png,CrossArm/cross_00.png,2,0,2,-1.71,3.07,0.32,1.54,41.26,2
cross00_to_cross01,CrossArm/cross_00.png,CrossArm/cross_01.png,0,0,0,0.43,-0.04,1.14,1.75,2.51,0
cross01_to_cross02,CrossArm/cross_01.png,CrossArm/cross_02.png,-2,0,-2,1.68,-0.13,0.14,-0.12,-43.77,-2
cross02_to_release00,CrossArm/cross_02.png,CrossArmRelease/release_00.png,-1,1,0,0.2,-0.25,-1.17,-0.13,0.0,0
release00_to_01,CrossArmRelease/release_00.png,CrossArmRelease/release_01.png,-3,3,0,1.94,1.93,1.11,-2.92,0.0,0
release01_to_02,CrossArmRelease/release_01.png,CrossArmRelease/release_02.png,0,0,0,-0.07,0.21,-2.61,-0.87,0.0,0
release02_to_03,CrossArmRelease/release_02.png,CrossArmRelease/release_03.png,0,0,0,0.75,0.35,2.56,-0.7,0.0,0
release03_to_04,CrossArmRelease/release_03.png,CrossArmRelease/release_04.png,1,-1,0,-2.4,0.29,0.09,2.43,0.0,0
release04_to_05,CrossArmRelease/release_04.png,CrossArmRelease/release_05.png,2,-2,0,-0.34,-2.42,-0.36,-0.6,0.0,0
release05_to_front,CrossArmRelease/release_05.png,LeftTurn/turn_0.png,1,-1,0,-0.48,-3.01,-1.22,-0.38,0.0,0
