group,frame,sha256,width,height,alpha_min,alpha_max,nonblack_pixels,black_pixels,bbox_left,bbox_top,bbox_right,bbox_bottom,bbox_width,bbox_height,head_anchor_x,head_anchor_y,torso_anchor_x,torso_anchor_y,lowest_foot_y,lowest_foot_x
LeftTurn,turn_0.png,4B0C5FB16D85A03A7411E1A0F1E40B51AC1CF0257452CE9580D3FB51376B199B,512,864,255,255,95793,346575,130,181,373,843,244,663,250.94,251.16,252.34,500.35,843,273.3
LeftTurn,turn_1.png,5E7AFE2DA1465EF59CF940BA4F6DBA189D9484F706F4D8960110804B5F9B7F2E,512,864,255,255,90523,351845,142,182,359,844,218,663,253.84,250.68,254.13,501.22,844,255.86
LeftTurn,turn_2.png,8E001A2F3668AAE9E08949DB13E4F9E5BFE4E1E8F5F7DFD040D755DB31722E6E,512,864,255,255,63921,378447,180,184,321,834,142,651,246.82,249.82,250.81,501.68,834,251.55
RightTurn,turn_0.png,5D3E14F7470C99C4C569A67561A78791AA2C9DD439EC5C0F80BB9D2F5D90AEA1,512,864,255,255,95830,346538,133,180,375,842,243,663,253.88,250.28,254.88,499.57,842,239.48
RightTurn,turn_1.png,D891561FE5E5414A984AC3DFA061DE48050BC73B2E2C96500BDFDBDB0B3BA9D1,512,864,255,255,90419,351949,147,182,365,847,219,666,255.92,251.78,254.6,502.92,847,217.65
RightTurn,turn_2.png,05DA7808228E94259560F5B2D35377A25D78F937DE573DDF15770AF04D6C76CD,512,864,255,255,64132,378236,189,182,326,841,138,660,257.22,248.38,253.19,503.75,841,281.92
LeftWalk,walk_00.png,211101AFC6A28CCEE3140BE6C88D7EDCD500F25DBC1A4DCA131B812EB0E693D1,512,864,255,255,85064,357304,74,186,393,832,320,647,245.79,252.71,252.29,497.03,832,285.42
LeftWalk,walk_01.png,72A8E2E8FFC82F33E9E790D11F4F659362B18D2D730135F18C9B6C97794C4BF9,512,864,255,255,82077,360291,86,186,406,832,321,647,246.55,252.61,252.52,496.11,832,274.1
LeftWalk,walk_02.png,2F6F0879B0A9369FAED36C0EE5C301FB9197B4B15EF30D75A10CAA0117F0119B,512,864,255,255,78981,363387,126,184,401,837,276,654,250.42,251.77,252.48,498.26,837,181.75
LeftWalk,walk_03.png,41A70A470E22755885DF1E1D718DA988F7125056D0F58B44FB1FBC5A344ACB7B,512,864,255,255,72623,369745,166,185,361,837,196,653,255.88,252.69,261.46,505.38,837,197.07
LeftWalk,walk_04.png,B48C619842BA9B5A35F0536FDA23B4DAB97E3DEA3D14D14F952903565528F12D,512,864,255,255,80767,361601,116,185,348,826,233,642,252.28,251.33,246.25,498.14,826,299.16
LeftWalk,walk_05.png,4DE552ACAB7A0283331E5B2AED02B06EDA9DF2DA8E8782A2313C0D66763C19BC,512,864,255,255,77432,364936,127,185,356,834,230,650,247.36,252.28,259.28,503.97,834,302.84
RightWalk,walk_00.png,8B6CE1DFF4D3BA9DD49F20DEE3F91CD79A45845B22F492D498B76504CDD0682B,512,864,255,255,85064,357304,118,186,437,832,320,647,265.21,252.71,258.71,497.03,832,225.58
RightWalk,walk_01.png,00AFEB7B4C55F328E1C616BF3D55AD0EB0A08180BE25449BB9412ED0F14A30AB,512,864,255,255,82077,360291,105,186,425,832,321,647,264.45,252.61,258.48,496.11,832,236.9
RightWalk,walk_02.png,8F72A5C721D7C44E2F5F4C5BF7249B8FE0967B67FA2FC4996799F65374D56ECA,512,864,255,255,78981,363387,110,184,385,837,276,654,260.58,251.77,258.52,498.26,837,329.25
RightWalk,walk_03.png,CE60A38925F6A39D6177725CADC53227DC717730B5994B99D817BB2E24C6A575,512,864,255,255,72623,369745,150,185,345,837,196,653,255.12,252.69,249.54,505.38,837,313.93
RightWalk,walk_04.png,A1D187A9597096E6F82E2AA2DDCAEE7C77CAB53F2DE802AFC5B86570D0E3CF11,512,864,255,255,80767,361601,163,185,395,826,233,642,258.72,251.33,264.75,498.14,826,211.84
RightWalk,walk_05.png,19A2D927408B8ABA4202584BDD212A4673DEAB2A9ED2E84069AD1B0D82A302BF,512,864,255,255,77432,364936,155,185,384,834,230,650,263.64,252.28,251.72,503.97,834,208.16
Clap,clap_00.png,06C28C50ED43F3783A07CAB67718A559B1A7148473AF859A995B37A710E65A63,512,864,255,255,96050,346318,137,181,374,843,238,663,253.46,252.99,256.87,501.22,843,250.92
Clap,clap_01.png,880D73F03902330060BCE7AA0EDE547CB7FE678692E3B0DDFB1F1986C256694D,512,864,255,255,88488,353880,142,181,371,843,230,663,255.61,252.73,257.39,497.48,843,251.11
Clap,clap_02.png,74149B96B2E00322F06B5DAD420DC3F5664153437C832C1DE37744BEBCED8F65,512,864,255,255,89105,353263,141,181,367,843,227,663,253.79,252.6,256.14,497.39,843,259.13
Clap,clap_03.png,0F38C689D104370F6FB2F3C39B90C2E9C56F93E4DC908FC57CDD7F10693C4EA4,512,864,255,255,85825,356543,149,181,359,843,211,663,252.91,253.95,256.28,500.41,843,255.9
Clap,clap_04.png,9D5920237305E634DA547347A3D3E7A10F9A3C561B6B7C234D11169C99675FAA,512,864,255,255,88502,353866,138,181,376,843,239,663,255.23,254.76,258.19,499.19,843,264.63
Clap,clap_05.png,FC2B3246C940F955F2F1F11532A43FF7977CCFF1A865966960E5DCE5256CC912,512,864,255,255,94099,348269,139,181,372,843,234,663,254.46,253.1,256.77,500.9,843,256.08
CrossArm,cross_00.png,C11B3644CF73AA9E8AB5FD7C9B50822E9534DA8405836158BB10D0F8CE40A680,512,864,255,255,86001,356367,155,181,357,843,203,663,252.14,253.51,255.2,501.25,843,257.1
CrossArm,cross_01.png,FBF167EF42E9DFC8C456E8E329BBCD7BFEDE4C2FF69515A42A0D62364BA3E4B7,512,864,255,255,84736,357632,156,181,353,843,198,663,252.57,253.47,256.34,503.0,843,266.53
CrossArm,cross_02.png,DC8B8829AB58CBEB084F864945089DC03CEFD5A89FA02F9AAC8C777B46F096B2,512,864,255,255,86084,356284,156,181,354,843,199,663,254.28,254.31,256.51,504.02,843,264.07
CrossArmRelease,release_00.png,101D2297A89E0ABC3A4CF1CDE9134CF9EBED36DE811AA807DF4DEF28065893DD,512,864,255,255,82985,359383,140,181,336,843,197,663,237.47,253.02,238.33,503.42,843,312.55
CrossArmRelease,release_01.png,ACA74DC31B184800761E62AD6D1B5FC648F8A4E7B0EE6717711B01F075D1D215,512,864,255,255,86293,356075,137,181,353,843,217,663,245.48,252.88,245.47,499.17,843,314.17
CrossArmRelease,release_02.png,2F63BA20DC29F6A2E4F9F7F182FB36DE8711353E50459C8808B730957E877E78,512,864,255,255,87192,355176,138,181,358,843,221,663,249.44,253.12,246.91,498.13,843,318.35
CrossArmRelease,release_03.png,733D36AC13EAFE0AAF24A233D54F7DD674255F3712A42536BFF98D605A9B5D26,512,864,255,255,93024,349344,128,181,363,843,236,663,243.14,253.46,242.38,497.04,843,313.24
CrossArmRelease,release_04.png,1B321DB484DAA7CBAA41E0C671C8F2D888AB283829DADFEFC16FFAD89FFE4512,512,864,255,255,90870,351498,134,183,358,843,225,661,243.67,254.87,245.47,501.02,843,315.03
CrossArmRelease,release_05.png,8850A0D9CD3FEDFA5E02D84AD65B2F5382B571C6177E71C3F0A2DEA7EC9F4664,512,864,255,255,92601,349767,135,181,360,843,226,663,245.36,253.38,247.1,500.38,843,314.48
